dataset,task,model,feature_set,metric,fold,value
churn,classification,logreg,baseline,accuracy,0,0.8119233498935415
churn,classification,logreg,baseline,accuracy,1,0.8090844570617459
churn,classification,logreg,baseline,accuracy,2,0.8197303051809794
churn,classification,logreg,baseline,accuracy,3,0.7904829545454546
churn,classification,logreg,baseline,accuracy,4,0.7954545454545454
churn,classification,logreg,baseline,f1,0,0.6197991391678622
churn,classification,logreg,baseline,f1,1,0.6151645207439199
churn,classification,logreg,baseline,f1,2,0.6308139534883721
churn,classification,logreg,baseline,f1,3,0.5603576751117735
churn,classification,logreg,baseline,f1,4,0.5777126099706745
churn,classification,logreg,baseline,roc_auc,0,0.8544950786638766
churn,classification,logreg,baseline,roc_auc,1,0.8454752124828852
churn,classification,logreg,baseline,roc_auc,2,0.8635976129582267
churn,classification,logreg,baseline,roc_auc,3,0.825360376112212
churn,classification,logreg,baseline,roc_auc,4,0.8364135437892407
churn,classification,random_forest,baseline,accuracy,0,0.7934705464868701
churn,classification,random_forest,baseline,accuracy,1,0.7927608232789212
churn,classification,random_forest,baseline,accuracy,2,0.7920511000709723
churn,classification,random_forest,baseline,accuracy,3,0.7755681818181818
churn,classification,random_forest,baseline,accuracy,4,0.7784090909090909
churn,classification,random_forest,baseline,f1,0,0.5726872246696035
churn,classification,random_forest,baseline,f1,1,0.5615615615615616
churn,classification,random_forest,baseline,f1,2,0.56071964017991
churn,classification,random_forest,baseline,f1,3,0.5093167701863354
churn,classification,random_forest,baseline,f1,4,0.5185185185185185
churn,classification,random_forest,baseline,roc_auc,0,0.8329522849983209
churn,classification,random_forest,baseline,roc_auc,1,0.8196943863184274
churn,classification,random_forest,baseline,roc_auc,2,0.8355731225296442
churn,classification,random_forest,baseline,roc_auc,3,0.8047078784111072
churn,classification,random_forest,baseline,roc_auc,4,0.8156282646696801
churn,classification,xgboost,baseline,accuracy,0,0.8055358410220014
churn,classification,xgboost,baseline,accuracy,1,0.7892122072391767
churn,classification,xgboost,baseline,accuracy,2,0.8005677785663591
churn,classification,xgboost,baseline,accuracy,3,0.7734375
churn,classification,xgboost,baseline,accuracy,4,0.7926136363636364
churn,classification,xgboost,baseline,f1,0,0.6005830903790087
churn,classification,xgboost,baseline,f1,1,0.5738880918220947
churn,classification,xgboost,baseline,f1,2,0.5897810218978102
churn,classification,xgboost,baseline,f1,3,0.5245901639344263
churn,classification,xgboost,baseline,f1,4,0.5654761904761905
churn,classification,xgboost,baseline,roc_auc,0,0.8456470071559585
churn,classification,xgboost,baseline,roc_auc,1,0.8224366426412463
churn,classification,xgboost,baseline,roc_auc,2,0.8392350616135782
churn,classification,xgboost,baseline,roc_auc,3,0.8162450946108716
churn,classification,xgboost,baseline,roc_auc,4,0.8289713898571561
housing,regression,logreg,baseline,rmse,0,29026.09797276253
housing,regression,logreg,baseline,rmse,1,33431.493020787195
housing,regression,logreg,baseline,rmse,2,24781.60958902495
housing,regression,logreg,baseline,rmse,3,30578.93259272523
housing,regression,logreg,baseline,rmse,4,23686.688791751614
housing,regression,logreg,baseline,mae,0,16513.59453552417
housing,regression,logreg,baseline,mae,1,15994.031417742073
housing,regression,logreg,baseline,mae,2,16045.794754652847
housing,regression,logreg,baseline,mae,3,16498.973616581436
housing,regression,logreg,baseline,mae,4,15577.85181794373
housing,regression,logreg,baseline,r2,0,0.8949162049563179
housing,regression,logreg,baseline,r2,1,0.8015183385854586
housing,regression,logreg,baseline,r2,2,0.9066546226752681
housing,regression,logreg,baseline,r2,3,0.8416013608692728
housing,regression,logreg,baseline,r2,4,0.9008297319375065
housing,regression,random_forest,baseline,rmse,0,26994.96608733947
housing,regression,random_forest,baseline,rmse,1,25018.438776870637
housing,regression,random_forest,baseline,rmse,2,25807.38051883749
housing,regression,random_forest,baseline,rmse,3,26656.26170881282
housing,regression,random_forest,baseline,rmse,4,23175.231694286842
housing,regression,random_forest,baseline,mae,0,15793.400264505119
housing,regression,random_forest,baseline,mae,1,15142.775519665203
housing,regression,random_forest,baseline,mae,2,16167.128759954494
housing,regression,random_forest,baseline,mae,3,15784.197064846418
housing,regression,random_forest,baseline,mae,4,15243.12372866894
housing,regression,random_forest,baseline,r2,0,0.9091083458014201
housing,regression,random_forest,baseline,r2,1,0.8888449362554763
housing,regression,random_forest,baseline,r2,2,0.8987671078080607
housing,regression,random_forest,baseline,r2,3,0.8796335948542526
housing,regression,random_forest,baseline,r2,4,0.905066181804307
housing,regression,xgboost,baseline,rmse,0,24580.9453125
housing,regression,xgboost,baseline,rmse,1,23988.185546875
housing,regression,xgboost,baseline,rmse,2,23992.884765625
housing,regression,xgboost,baseline,rmse,3,23833.75
housing,regression,xgboost,baseline,rmse,4,20746.01953125
housing,regression,xgboost,baseline,mae,0,14616.5322265625
housing,regression,xgboost,baseline,mae,1,14296.7109375
housing,regression,xgboost,baseline,mae,2,14533.162109375
housing,regression,xgboost,baseline,mae,3,14240.822265625
housing,regression,xgboost,baseline,mae,4,13374.646484375
housing,regression,xgboost,baseline,r2,0,0.9246374368667603
housing,regression,xgboost,baseline,r2,1,0.8978111147880554
housing,regression,xgboost,baseline,r2,2,0.912501871585846
housing,regression,xgboost,baseline,r2,3,0.9037742018699646
housing,regression,xgboost,baseline,r2,4,0.9239249229431152
bank,classification,logreg,baseline,accuracy,0,0.896091284292304
bank,classification,logreg,baseline,accuracy,1,0.900825443068706
bank,classification,logreg,baseline,accuracy,2,0.9053168244719592
bank,classification,logreg,baseline,accuracy,3,0.8994779652786209
bank,classification,logreg,baseline,accuracy,4,0.8988709481607381
bank,classification,logreg,baseline,f1,0,0.28903654485049834
bank,classification,logreg,baseline,f1,1,0.34059725585149314
bank,classification,logreg,baseline,f1,2,0.39814814814814814
bank,classification,logreg,baseline,f1,3,0.34285714285714286
bank,classification,logreg,baseline,f1,4,0.327683615819209
bank,classification,logreg,baseline,roc_auc,0,0.7885711000518894
bank,classification,logreg,baseline,roc_auc,1,0.7852903586254069
bank,classification,logreg,baseline,roc_auc,2,0.8044580522666163
bank,classification,logreg,baseline,roc_auc,3,0.7875806899618327
bank,classification,logreg,baseline,roc_auc,4,0.7919150663329574
bank,classification,random_forest,baseline,accuracy,0,0.8900218499635834
bank,classification,random_forest,baseline,accuracy,1,0.8902646273367322
bank,classification,random_forest,baseline,accuracy,2,0.8947560087399854
bank,classification,random_forest,baseline,accuracy,3,0.894621828335559
bank,classification,random_forest,baseline,accuracy,4,0.8934077940997937
bank,classification,random_forest,baseline,f1,0,0.3547008547008547
bank,classification,random_forest,baseline,f1,1,0.3695955369595537
bank,classification,random_forest,baseline,f1,2,0.41140529531568226
bank,classification,random_forest,baseline,f1,3,0.3817663817663818
bank,classification,random_forest,baseline,f1,4,0.3773049645390071
bank,classification,random_forest,baseline,roc_auc,0,0.7671696630737299
bank,classification,random_forest,baseline,roc_auc,1,0.7726103678239539
bank,classification,random_forest,baseline,roc_auc,2,0.7842165314401623
bank,classification,random_forest,baseline,roc_auc,3,0.7735382334486061
bank,classification,random_forest,baseline,roc_auc,4,0.7821519200466123
bank,classification,xgboost,baseline,accuracy,0,0.8979121145909201
bank,classification,xgboost,baseline,accuracy,1,0.895241563486283
bank,classification,xgboost,baseline,accuracy,2,0.9039815489196407
bank,classification,xgboost,baseline,accuracy,3,0.899720772125774
bank,classification,xgboost,baseline,accuracy,4,0.8989923515843147
bank,classification,xgboost,baseline,f1,0,0.3709798055347794
bank,classification,xgboost,baseline,f1,1,0.36215816703621584
bank,classification,xgboost,baseline,f1,2,0.42888086642599277
bank,classification,xgboost,baseline,f1,3,0.37329286798179057
bank,classification,xgboost,baseline,f1,4,0.36
bank,classification,xgboost,baseline,roc_auc,0,0.793058634841266
bank,classification,xgboost,baseline,roc_auc,1,0.7868830782112364
bank,classification,xgboost,baseline,roc_auc,2,0.8077974639133921
bank,classification,xgboost,baseline,roc_auc,3,0.7967163623260882
bank,classification,xgboost,baseline,roc_auc,4,0.7996153331273206
